{
  "api_calls_count": 202,
  "api_errors_count": 0,
  "api_response_times": [
    0.987877,
    3.065205,
    0.981347,
    3.2004,
    1.008028,
    3.096063,
    1.139262,
    3.132586,
    1.055868,
    3.143475,
    1.030303,
    3.159177,
    0.972981,
    3.121718,
    1.020266,
    3.080807,
    0.993663,
    3.125672,
    0.999562,
    3.134685,
    0.997788,
    3.118405,
    1.057848,
    3.12677,
    0.980183,
    3.131924,
    0.995296,
    3.212899,
    1.024302,
    3.13319,
    0.937626,
    3.063449,
    1.166299,
    3.046514,
    0.874831,
    3.039331,
    0.908941,
    3.003047,
    1.381956,
    1.114732,
    0.871643,
    0.816158,
    1.00908,
    3.333983,
    1.162013,
    0.85041,
    3.387334,
    0.746234,
    0.758747,
    0.839474,
    0.89491,
    0.932135,
    3.105137,
    0.849281,
    1.165816,
    0.910914,
    0.900319,
    3.11519,
    0.825793,
    0.847266,
    0.822445,
    0.837227,
    1.257395,
    0.991025,
    3.176297,
    0.969061,
    3.009142,
    0.838247,
    0.987766,
    3.538942,
    1.026811,
    0.955908,
    3.061106,
    0.808284,
    0.936419,
    0.889938,
    0.823362,
    1.002197,
    0.786515,
    0.826623,
    0.881044,
    3.154786,
    0.87094,
    0.811572,
    0.881482,
    3.026888,
    0.953842,
    0.940994,
    3.111786,
    0.839136,
    0.948084,
    3.028611,
    0.912107,
    0.893047,
    3.070134,
    0.898779,
    0.898832,
    3.030743,
    0.809223,
    0.790399
  ],
  "api_start_time": 1742938956.274245,
  "api_history": {
    "calls": [
      0,
      0,
      0,
      0,
      0,
      0,
      0,
      0,
      0,
      0,
      0,
      0,
      0,
      0,
      0,
      0,
      0,
      0,
      0,
      0,
      0,
      0,
      0,
      186,
      0,
      0,
      0,
      0,
      0,
      0,
      0,
      0,
      0,
      0,
      0,
      0,
      0,
      0,
      0,
      0,
      0,
      0,
      0,
      0,
      0,
      0,
      0,
      0
    ],
    "success_rate": [
      100,
      100,
      100,
      100,
      100,
      100,
      100,
      100,
      100,
      100,
      100,
      100,
      100,
      100,
      100,
      100,
      100,
      100,
      100,
      100,
      100,
      100,
      100,
      100,
      100,
      100,
      100,
      100,
      100,
      100,
      100,
      100,
      100,
      100,
      100,
      100,
      100,
      100,
      100,
      100,
      100,
      100,
      100,
      100,
      100,
      100,
      100,
      100
    ],
    "response_time": [
      0,
      0,
      0,
      0,
      0,
      0,
      0,
      0,
      0,
      0,
      0,
      0,
      0,
      0,
      0,
      0,
      0,
      0,
      0,
      0,
      0,
      0,
      0,
      0.790399,
      0,
      0,
      0,
      0,
      0,
      0,
      0,
      0,
      0,
      0,
      0,
      0,
      0,
      0,
      0,
      0,
      0,
      0,
      0,
      0,
      0,
      0,
      0,
      0
    ],
    "errors": [
      0,
      0,
      0,
      0,
      0,
      0,
      0,
      0,
      0,
      0,
      0,
      0,
      0,
      0,
      0,
      0,
      0,
      0,
      0,
      0,
      0,
      0,
      0,
      0,
      0,
      0,
      0,
      0,
      0,
      0,
      0,
      0,
      0,
      0,
      0,
      0,
      0,
      0,
      0,
      0,
      0,
      0,
      0,
      0,
      0,
      0,
      0,
      0
    ]
  },
  "last_updated": "2025-03-25T17:37:37.491978"
}