{
  "api_calls_count": 280,
  "api_errors_count": 0,
  "api_response_times": [
    0.786515,
    0.826623,
    0.881044,
    3.154786,
    0.87094,
    0.811572,
    0.881482,
    3.026888,
    0.953842,
    0.940994,
    3.111786,
    0.839136,
    0.948084,
    3.028611,
    0.912107,
    0.893047,
    3.070134,
    0.898779,
    0.898832,
    3.030743,
    0.809223,
    0.790399,
    1.36028,
    0.70804,
    0.702979,
    1.417303,
    0.806302,
    0.736857,
    0.854875,
    0.82946,
    0.816747,
    0.817859,
    0.930156,
    0.853989,
    0.840289,
    0.933249,
    0.870245,
    0.88252,
    0.891053,
    0.859592,
    0.812642,
    0.979834,
    0.850851,
    0.829186,
    1.160619,
    0.823242,
    0.982514,
    0.844684,
    0.837071,
    1.026871,
    0.873356,
    0.936129,
    0.818075,
    0.824494,
    1.04132,
    0.8281,
    1.108804,
    0.917691,
    0.913836,
    1.793972,
    0.915451,
    0.905244,
    4.96739,
    0.799719,
    0.811612,
    0.823677,
    1.023442,
    3.058574,
    1.303509,
    0.790929,
    1.277957,
    3.366161,
    0.87533,
    0.879497,
    0.84393,
    3.032169,
    0.968696,
    0.863975,
    0.850902,
    3.012222,
    0.845452,
    1.067045,
    3.078779,
    0.959287,
    1.09112,
    0.84688,
    1.011265,
    0.81352,
    3.265929,
    3.368651,
    0.754591,
    0.900447,
    0.755373,
    1.016046,
    4.292463,
    0.97541,
    0.783484,
    0.80551,
    1.136438,
    0.714563
  ],
  "api_start_time": 1742938956.274245,
  "api_history": {
    "calls": [
      0,
      0,
      0,
      0,
      0,
      0,
      0,
      0,
      0,
      0,
      0,
      0,
      0,
      0,
      0,
      0,
      0,
      0,
      0,
      0,
      0,
      0,
      0,
      264,
      0,
      0,
      0,
      0,
      0,
      0,
      0,
      0,
      0,
      0,
      0,
      0,
      0,
      0,
      0,
      0,
      0,
      0,
      0,
      0,
      0,
      0,
      0,
      0
    ],
    "success_rate": [
      100,
      100,
      100,
      100,
      100,
      100,
      100,
      100,
      100,
      100,
      100,
      100,
      100,
      100,
      100,
      100,
      100,
      100,
      100,
      100,
      100,
      100,
      100,
      100,
      100,
      100,
      100,
      100,
      100,
      100,
      100,
      100,
      100,
      100,
      100,
      100,
      100,
      100,
      100,
      100,
      100,
      100,
      100,
      100,
      100,
      100,
      100,
      100
    ],
    "response_time": [
      0,
      0,
      0,
      0,
      0,
      0,
      0,
      0,
      0,
      0,
      0,
      0,
      0,
      0,
      0,
      0,
      0,
      0,
      0,
      0,
      0,
      0,
      0,
      0.714563,
      0,
      0,
      0,
      0,
      0,
      0,
      0,
      0,
      0,
      0,
      0,
      0,
      0,
      0,
      0,
      0,
      0,
      0,
      0,
      0,
      0,
      0,
      0,
      0
    ],
    "errors": [
      0,
      0,
      0,
      0,
      0,
      0,
      0,
      0,
      0,
      0,
      0,
      0,
      0,
      0,
      0,
      0,
      0,
      0,
      0,
      0,
      0,
      0,
      0,
      0,
      0,
      0,
      0,
      0,
      0,
      0,
      0,
      0,
      0,
      0,
      0,
      0,
      0,
      0,
      0,
      0,
      0,
      0,
      0,
      0,
      0,
      0,
      0,
      0
    ]
  },
  "last_updated": "2025-04-04T21:37:17.132109"
}